file,rate
sub01_fibrous_01.wav,212.9
sub01_fibrous_02.wav,227.37
sub07_fibrous_01.wav,209.37
sub02_fibrous_03.wav,179.84
sub05_fibrous_02.wav,213.14
sub03_fibrous_04.wav,239.95
sub01_fibrous_05.wav,200.0
sub04_fibrous_01.wav,266.81
sub05_fibrous_04.wav,186.7
sub07_fibrous_02.wav,202.04
sub06_fibrous_02.wav,240.05
sub02_fibrous_04.wav,254.01
sub03_fibrous_01.wav,224.0
sub04_fibrous_03.wav,227.45
sub04_fibrous_05.wav,274.35
sub09_fibrous_05.wav,220.0
sub10_fibrous_03.wav,203.08
sub06_fibrous_05.wav,228.93
sub06_fibrous_04.wav,227.41
sub08_fibrous_01.wav,213.27
sub06_fibrous_01.wav,266.62
sub07_fibrous_04.wav,216.15
sub04_fibrous_04.wav,191.9
sub06_fibrous_03.wav,240.0
sub03_fibrous_05.wav,213.33
sub09_fibrous_03.wav,159.95
sub08_fibrous_02.wav,215.75
sub07_fibrous_03.wav,213.06
sub10_fibrous_02.wav,226.67
sub08_fibrous_03.wav,213.25
sub01_fibrous_03.wav,205.58
sub09_fibrous_01.wav,169.34
sub02_fibrous_05.wav,210.0
sub03_fibrous_02.wav,210.04
sub02_fibrous_01.wav,213.49
sub05_fibrous_03.wav,213.46
sub01_fibrous_04.wav,258.39
sub10_fibrous_01.wav,229.09
sub03_fibrous_03.wav,240.0
sub04_fibrous_02.wav,216.0
sub08_fibrous_04.wav,240.05
sub02_fibrous_02.wav,240.0
sub09_fibrous_04.wav,221.54
sub10_fibrous_04.wav,230.77
sub07_fibrous_05.wav,240.04
sub05_fibrous_01.wav,240.05
sub05_fibrous_05.wav,240.0
sub09_fibrous_02.wav,218.24
sub08_fibrous_05.wav,202.0
sub10_fibrous_05.wav,230.77
sub07_crunchy_04.wav,213.25
sub03_crunchy_04.wav,223.99
sub03_crunchy_03.wav,239.82
sub01_crunchy_04.wav,228.57
sub05_crunchy_01.wav,229.54
sub02_crunchy_03.wav,208.72
sub02_crunchy_05.wav,223.04
sub07_crunchy_01.wav,221.53
sub05_crunchy_03.wav,239.98
sub02_crunchy_02.wav,192.0
sub04_crunchy_05.wav,240.06
sub04_crunchy_01.wav,231.03
sub05_crunchy_02.wav,247.27
sub05_crunchy_05.wav,202.92
sub03_crunchy_01.wav,209.85
sub01_crunchy_03.wav,205.74
sub07_crunchy_05.wav,200.0
sub04_crunchy_02.wav,219.92
sub07_crunchy_02.wav,225.0
sub06_crunchy_03.wav,246.86
sub07_crunchy_03.wav,239.95
sub04_crunchy_03.wav,228.51
sub02_crunchy_04.wav,213.33
sub01_crunchy_01.wav,205.71
sub01_crunchy_05.wav,282.4
sub06_crunchy_05.wav,218.18
sub01_crunchy_02.wav,239.97
sub02_crunchy_01.wav,167.97
sub06_crunchy_01.wav,240.0
sub03_crunchy_02.wav,211.76
sub05_crunchy_04.wav,207.99
sub06_crunchy_04.wav,221.51
sub04_crunchy_04.wav,271.34
sub06_crunchy_02.wav,240.0
sub03_crunchy_05.wav,203.01
sub10_crunchy_01.wav,239.98
sub08_crunchy_05.wav,216.91
sub08_crunchy_03.wav,224.07
sub09_crunchy_05.wav,255.0
sub09_crunchy_02.wav,177.8
sub09_crunchy_01.wav,220.04
sub10_crunchy_03.wav,218.13
sub08_crunchy_01.wav,239.91
sub10_crunchy_05.wav,232.13
sub10_crunchy_02.wav,250.44
sub08_crunchy_04.wav,219.47
sub10_crunchy_04.wav,179.98
sub08_crunchy_02.wav,215.19
sub09_crunchy_04.wav,248.25
sub09_crunchy_03.wav,223.98
sub01_brittle_01.wav,162.86
sub01_brittle_02.wav,180.07
sub02_brittle_02.wav,165.0
sub01_brittle_04.wav,186.81
sub01_brittle_05.wav,139.06
sub02_brittle_01.wav,162.52
sub01_brittle_03.wav,179.99
sub08_brittle_03.wav,213.45
sub09_brittle_01.wav,179.82
sub05_brittle_04.wav,218.08
sub02_brittle_05.wav,139.96
sub08_brittle_02.wav,211.2
sub08_brittle_04.wav,186.69
sub03_brittle_04.wav,167.9
sub04_brittle_02.wav,219.97
sub05_brittle_03.wav,196.51
sub02_brittle_03.wav,191.98
sub06_brittle_04.wav,239.97
sub03_brittle_01.wav,150.03
sub04_brittle_05.wav,195.23
sub08_brittle_05.wav,186.77
sub03_brittle_03.wav,174.65
sub06_brittle_05.wav,180.05
sub07_brittle_02.wav,210.02
sub04_brittle_04.wav,241.0
sub04_brittle_03.wav,179.08
sub07_brittle_01.wav,222.8
sub05_brittle_02.wav,188.35
sub07_brittle_05.wav,224.0
sub05_brittle_01.wav,205.93
sub06_brittle_02.wav,205.74
sub04_brittle_01.wav,240.0
sub07_brittle_04.wav,226.67
sub02_brittle_04.wav,180.0
sub03_brittle_05.wav,180.02
sub06_brittle_03.wav,205.73
sub07_brittle_03.wav,188.57
sub06_brittle_01.wav,160.0
sub05_brittle_05.wav,160.2
sub08_brittle_01.wav,197.59
sub03_brittle_02.wav,163.65
sub10_brittle_04.wav,215.17
sub09_brittle_03.wav,213.35
sub10_brittle_02.wav,222.87
sub10_brittle_01.wav,204.0
sub09_brittle_05.wav,213.33
sub09_brittle_02.wav,182.93
sub09_brittle_04.wav,222.85
sub10_brittle_05.wav,221.54
sub10_brittle_03.wav,222.85
sub01_soft_02.wav,183.53
sub01_soft_01.wav,205.7
sub03_soft_03.wav,165.5
sub01_soft_03.wav,197.64
sub01_soft_04.wav,189.47
sub06_soft_03.wav,215.6
sub01_soft_05.wav,205.7
sub04_soft_05.wav,228.58
sub02_soft_02.wav,203.64
sub03_soft_01.wav,233.13
sub02_soft_04.wav,231.11
sub03_soft_05.wav,209.99
sub05_soft_02.wav,218.21
sub02_soft_03.wav,194.99
sub04_soft_01.wav,221.54
sub06_soft_04.wav,198.63
sub04_soft_03.wav,250.98
sub02_soft_01.wav,209.99
sub03_soft_04.wav,240.02
sub07_soft_01.wav,240.0
sub05_soft_04.wav,215.98
sub05_soft_05.wav,229.98
sub03_soft_02.wav,233.15
sub07_soft_02.wav,165.01
sub06_soft_02.wav,219.98
sub05_soft_03.wav,195.05
sub04_soft_02.wav,213.28
sub06_soft_05.wav,202.67
sub07_soft_03.wav,254.11
sub05_soft_01.wav,219.93
sub02_soft_05.wav,224.0
sub06_soft_01.wav,196.36
sub04_soft_04.wav,239.9
sub10_soft_01.wav,235.11
sub09_soft_04.wav,209.99
sub08_soft_04.wav,201.28
sub10_soft_05.wav,225.88
sub09_soft_01.wav,226.67
sub08_soft_05.wav,232.73
sub09_soft_03.wav,254.11
sub08_soft_03.wav,245.85
sub10_soft_03.wav,166.16
sub09_soft_05.wav,188.58
sub10_soft_02.wav,221.54
sub07_soft_04.wav,232.73
sub09_soft_02.wav,171.44
sub07_soft_05.wav,176.0
sub08_soft_02.wav,233.85
sub08_soft_01.wav,219.44
sub10_soft_04.wav,210.01
carrots_3_08.wav,239.74
carrots_3_24.wav,222.75
carrots_3_11.wav,224.39
carrots_3_30.wav,216.29
carrots_3_19.wav,199.21
carrots_3_25.wav,196.62
carrots_3_06.wav,208.52
carrots_3_16.wav,192.42
carrots_3_32.wav,240.01
carrots_3_29.wav,241.51
carrots_3_20.wav,238.53
carrots_3_09.wav,225.63
carrots_3_39.wav,202.34
carrots_3_58.wav,228.19
carrots_3_37.wav,223.04
carrots_3_36.wav,187.03
carrots_3_57.wav,199.52
carrots_3_56.wav,238.78
carrots_3_41.wav,179.94
carrots_3_34.wav,225.14
carrots_3_47.wav,205.74
carrots_3_43.wav,218.52
carrots_3_45.wav,226.5
carrots_3_40.wav,212.47
carrots_3_48.wav,240.69
carrots_3_46.wav,246.65
carrots_3_54.wav,255.18
carrots_3_51.wav,213.78
carrots_3_61.wav,211.91
carrots_3_38.wav,210.74
carrots_3_35.wav,205.33
carrots_3_60.wav,203.97
carrots_3_49.wav,223.16
carrots_3_52.wav,165.65
carrots_3_42.wav,170.65
carrots_3_55.wav,219.63
carrots_3_59.wav,221.93
carrots_3_50.wav,195.38
carrots_3_44.wav,221.33
carrots_3_53.wav,227.41
carrots_3_33.wav,240.22
carrots_3_81.wav,231.14
carrots_3_76.wav,228.98
carrots_3_86.wav,248.32
carrots_3_75.wav,215.39
carrots_3_70.wav,177.66
carrots_3_62.wav,213.32
carrots_3_71.wav,211.97
carrots_3_73.wav,179.63
carrots_3_64.wav,258.55
carrots_3_63.wav,206.9
carrots_3_82.wav,229.2
carrots_3_79.wav,211.38
carrots_4_01.wav,176.0
carrots_3_65.wav,199.86
carrots_3_77.wav,202.72
carrots_3_68.wav,206.58
carrots_3_74.wav,239.93
carrots_3_69.wav,240.32
carrots_4_05.wav,188.58
carrots_4_04.wav,184.62
carrots_3_78.wav,197.93
carrots_4_02.wav,186.67
carrots_3_80.wav,218.08
carrots_3_83.wav,244.95
carrots_3_85.wav,230.41
carrots_4_03.wav,207.27
carrots_3_66.wav,221.63
carrots_3_87.wav,239.5
carrots_3_67.wav,207.06
carrots_3_84.wav,190.46
carrots_3_72.wav,238.79
carrots_4_23.wav,230.01
carrots_4_07.wav,240.02
carrots_4_10.wav,210.01
carrots_4_26.wav,223.26
carrots_4_11.wav,199.25
carrots_4_17.wav,228.58
carrots_4_20.wav,196.36
carrots_4_31.wav,174.54
carrots_4_30.wav,217.13
carrots_4_29.wav,216.0
carrots_4_06.wav,205.72
carrots_4_14.wav,228.58
carrots_4_09.wav,199.02
carrots_4_13.wav,218.18
carrots_4_16.wav,197.64
carrots_4_21.wav,192.0
carrots_4_28.wav,229.09
carrots_4_22.wav,230.01
carrots_4_08.wav,234.42
carrots_4_19.wav,203.07
carrots_4_27.wav,202.1
carrots_4_15.wav,201.6
carrots_4_24.wav,212.08
carrots_4_18.wav,205.72
carrots_4_25.wav,214.75
carrots_4_12.wav,209.99
carrots_4_46.wav,228.56
carrots_4_34.wav,197.64
carrots_5_03.wav,200.0
carrots_4_36.wav,211.2
carrots_5_02.wav,225.01
carrots_4_44.wav,213.34
carrots_4_32.wav,180.0
carrots_4_51.wav,211.76
carrots_4_47.wav,204.0
carrots_4_55.wav,220.54
carrots_4_41.wav,229.09
carrots_4_33.wav,214.73
carrots_4_52.wav,186.67
carrots_4_38.wav,218.18
carrots_4_37.wav,194.29
carrots_4_45.wav,209.24
carrots_4_54.wav,202.11
carrots_4_56.wav,160.0
carrots_4_42.wav,205.7
carrots_5_01.wav,209.99
carrots_4_49.wav,184.62
carrots_4_43.wav,240.01
carrots_4_53.wav,207.27
carrots_4_39.wav,159.99
carrots_4_50.wav,197.64
carrots_4_35.wav,207.27
carrots_4_48.wav,200.92
carrots_4_57.wav,214.73
carrots_4_40.wav,204.0
carrots_5_24.wav,239.99
carrots_5_29.wav,264.0
carrots_5_06.wav,209.99
carrots_5_23.wav,189.48
carrots_5_20.wav,239.98
carrots_5_22.wav,224.99
carrots_5_19.wav,204.0
carrots_5_28.wav,228.56
carrots_5_15.wav,214.75
carrots_5_25.wav,250.01
carrots_5_07.wav,169.41
carrots_5_21.wav,240.0
carrots_5_05.wav,240.0
carrots_5_16.wav,216.0
carrots_5_14.wav,183.27
carrots_5_11.wav,240.0
carrots_5_04.wav,239.99
carrots_5_13.wav,228.58
carrots_5_10.wav,204.0
carrots_5_18.wav,216.0
carrots_5_27.wav,220.8
carrots_5_12.wav,234.89
carrots_5_26.wav,211.76
carrots_5_08.wav,220.01
carrots_5_09.wav,219.44
carrots_5_17.wav,217.13
carrots_5_47.wav,247.76
carrots_5_32.wav,210.01
carrots_5_54.wav,210.0
carrots_5_43.wav,184.62
carrots_5_39.wav,219.44
carrots_5_50.wav,252.62
carrots_5_35.wav,205.73
carrots_5_41.wav,180.0
carrots_5_44.wav,198.6
carrots_5_45.wav,224.99
carrots_5_42.wav,254.11
carrots_5_31.wav,205.7
carrots_5_34.wav,217.13
carrots_5_30.wav,240.0
carrots_5_52.wav,239.99
carrots_5_56.wav,225.01
carrots_5_40.wav,239.99
carrots_5_46.wav,224.0
carrots_5_38.wav,218.18
carrots_5_33.wav,209.99
carrots_5_37.wav,239.99
carrots_5_36.wav,219.99
carrots_5_48.wav,240.0
carrots_5_49.wav,232.25
carrots_5_51.wav,255.01
carrots_5_53.wav,240.01
carrots_5_57.wav,239.99
carrots_5_55.wav,229.99
carrots_6_06.wav,211.19
carrots_6_12.wav,227.36
carrots_6_05.wav,199.99
carrots_6_20.wav,215.51
carrots_5_59.wav,234.16
carrots_5_60.wav,203.64
carrots_6_08.wav,204.0
carrots_6_01.wav,196.91
carrots_6_13.wav,216.0
carrots_6_23.wav,228.0
carrots_6_07.wav,202.11
carrots_5_58.wav,249.6
carrots_6_10.wav,209.22
carrots_6_04.wav,204.0
carrots_6_02.wav,213.34
carrots_6_17.wav,185.46
carrots_6_16.wav,216.0
carrots_6_21.wav,208.69
carrots_6_09.wav,194.29
carrots_6_18.wav,199.99
carrots_6_03.wav,182.07
carrots_6_15.wav,207.27
carrots_6_22.wav,203.99
carrots_6_19.wav,216.77
carrots_6_11.wav,208.0
carrots_6_14.wav,227.36
carrots_6_40.wav,214.47
carrots_6_32.wav,207.28
carrots_6_38.wav,230.0
carrots_6_46.wav,200.0
carrots_6_44.wav,222.22
carrots_6_30.wav,202.5
carrots_6_33.wav,208.69
carrots_6_29.wav,198.26
carrots_6_36.wav,213.33
carrots_6_45.wav,215.17
carrots_6_24.wav,200.93
carrots_6_39.wav,211.19
carrots_6_25.wav,180.0
carrots_6_35.wav,195.0
carrots_6_42.wav,229.09
carrots_6_28.wav,213.33
carrots_6_26.wav,194.28
carrots_6_43.wav,216.0
carrots_6_31.wav,202.5
carrots_6_34.wav,218.19
carrots_6_27.wav,197.65
carrots_6_37.wav,222.22
carrots_6_41.wav,240.0
carrots_7_04.wav,274.29
carrots_7_11.wav,256.0
carrots_6_50.wav,204.0
carrots_7_02.wav,240.0
carrots_6_51.wav,214.28
carrots_7_01.wav,240.0
carrots_7_07.wav,251.43
carrots_7_03.wav,240.0
carrots_6_55.wav,207.57
carrots_6_49.wav,221.53
carrots_6_48.wav,220.8
carrots_6_56.wav,210.0
carrots_7_13.wav,240.0
carrots_7_09.wav,228.57
carrots_7_12.wav,220.54
carrots_7_08.wav,272.0
carrots_6_57.wav,218.17
carrots_6_47.wav,208.69
carrots_7_10.wav,228.57
carrots_6_54.wav,215.51
carrots_7_05.wav,217.14
carrots_6_52.wav,228.56
carrots_6_53.wav,210.0
carrots_7_06.wav,240.0
carrots_7_22.wav,240.0
carrots_8_06.wav,213.33
carrots_7_17.wav,240.0
carrots_7_23.wav,229.09
carrots_7_15.wav,265.26
carrots_7_29.wav,229.57
carrots_8_05.wav,216.0
carrots_7_25.wav,250.91
carrots_7_16.wav,264.0
carrots_7_18.wav,252.63
carrots_7_19.wav,228.0
carrots_7_20.wav,240.0
carrots_8_01.wav,166.15
carrots_7_32.wav,225.88
carrots_7_33.wav,240.0
carrots_7_24.wav,249.6
carrots_7_27.wav,220.0
carrots_7_26.wav,256.74
carrots_7_30.wav,240.0
carrots_7_31.wav,255.0
carrots_7_14.wav,248.57
carrots_8_03.wav,198.26
carrots_8_02.wav,219.43
carrots_8_04.wav,225.0
carrots_7_21.wav,207.27
carrots_7_28.wav,228.0
carrots_8_17.wav,229.09
carrots_8_24.wav,220.0
carrots_8_20.wav,222.86
carrots_8_11.wav,223.45
carrots_8_14.wav,202.11
carrots_8_09.wav,190.0
carrots_8_19.wav,213.33
carrots_8_13.wav,206.9
carrots_8_12.wav,223.45
carrots_8_18.wav,213.33
carrots_8_10.wav,200.93
carrots_8_07.wav,205.71
carrots_8_15.wav,208.7
carrots_8_22.wav,226.67
carrots_8_26.wav,230.0
carrots_8_21.wav,176.84
carrots_8_23.wav,205.71
carrots_8_08.wav,220.0
carrots_8_16.wav,210.0
carrots_8_25.wav,213.33
carrots_8_31.wav,222.86
carrots_8_30.wav,213.33
carrots_8_42.wav,188.23
carrots_8_28.wav,190.0
carrots_8_38.wav,205.71
carrots_8_51.wav,198.26
carrots_8_45.wav,240.0
carrots_8_43.wav,218.18
carrots_8_32.wav,229.57
carrots_8_48.wav,186.67
carrots_8_36.wav,188.57
carrots_8_50.wav,221.54
carrots_8_46.wav,174.55
carrots_8_41.wav,196.36
carrots_8_33.wav,190.19
carrots_8_44.wav,232.26
carrots_8_40.wav,220.0
carrots_8_35.wav,207.57
carrots_8_49.wav,194.29
carrots_8_27.wav,240.0
carrots_8_29.wav,198.62
carrots_8_47.wav,233.51
carrots_8_34.wav,211.76
carrots_8_37.wav,225.88
carrots_8_39.wav,225.0
carrots_8_58.wav,228.57
carrots_8_75.wav,182.07
carrots_8_60.wav,226.67
carrots_8_61.wav,180.0
carrots_8_71.wav,210.0
carrots_8_69.wav,208.7
carrots_8_59.wav,214.74
carrots_8_57.wav,240.0
carrots_8_65.wav,218.18
carrots_8_73.wav,195.0
carrots_8_72.wav,213.33
carrots_8_56.wav,194.29
carrots_8_63.wav,194.29
carrots_8_76.wav,225.88
carrots_8_74.wav,208.7
carrots_8_53.wav,220.0
carrots_8_70.wav,222.86
carrots_8_66.wav,223.25
carrots_8_52.wav,182.86
carrots_8_54.wav,204.44
carrots_8_64.wav,200.0
carrots_8_55.wav,219.43
carrots_8_68.wav,211.76
carrots_8_62.wav,245.33
carrots_8_67.wav,200.0
carrots_9_11.wav,180.01
carrots_9_04.wav,210.01
carrots_9_15.wav,180.01
carrots_8_84.wav,240.0
carrots_8_77.wav,207.57
carrots_9_03.wav,239.99
carrots_9_10.wav,173.32
carrots_8_86.wav,205.71
carrots_8_83.wav,160.0
carrots_9_14.wav,216.0
carrots_8_80.wav,209.23
carrots_9_12.wav,234.14
carrots_9_01.wav,220.56
carrots_9_07.wav,246.48
carrots_8_82.wav,262.86
carrots_8_79.wav,204.0
carrots_9_13.wav,210.01
carrots_9_05.wav,225.01
carrots_9_16.wav,220.8
carrots_8_78.wav,228.57
carrots_9_08.wav,212.09
carrots_9_06.wav,240.0
carrots_8_81.wav,201.29
carrots_9_09.wav,200.0
carrots_9_17.wav,222.86
carrots_9_18.wav,213.32
carrots_9_02.wav,209.24
carrots_8_85.wav,215.17
carrots_9_22.wav,224.0
carrots_9_34.wav,219.13
carrots_9_20.wav,213.34
carrots_9_33.wav,182.86
carrots_9_32.wav,226.65
carrots_9_38.wav,207.27
carrots_9_27.wav,216.77
carrots_9_30.wav,218.18
carrots_9_29.wav,204.0
carrots_9_37.wav,227.37
carrots_9_35.wav,219.13
carrots_9_24.wav,214.73
carrots_9_28.wav,234.16
carrots_9_23.wav,220.8
carrots_9_19.wav,182.86
carrots_9_31.wav,210.73
carrots_9_21.wav,214.73
carrots_9_26.wav,240.0
carrots_9_25.wav,231.12
carrots_9_39.wav,216.0
carrots_9_36.wav,220.8
chocolate_10_04.wav,227.37
chocolate_10_03.wav,224.0
chocolate_10_01.wav,222.86
chocolate_10_02.wav,227.37
chocolate_10_16.wav,211.76
chocolate_10_28.wav,188.57
chocolate_10_25.wav,210.0
chocolate_10_31.wav,200.0
chocolate_10_21.wav,218.18
chocolate_10_09.wav,214.74
chocolate_10_14.wav,218.18
chocolate_10_05.wav,197.65
chocolate_10_22.wav,207.27
chocolate_10_30.wav,230.77
chocolate_10_20.wav,190.0
chocolate_10_32.wav,222.86
chocolate_10_06.wav,240.0
chocolate_10_23.wav,186.67
chocolate_10_08.wav,240.0
chocolate_10_10.wav,227.37
chocolate_10_35.wav,205.71
chocolate_10_13.wav,226.67
chocolate_10_18.wav,214.74
chocolate_10_15.wav,196.36
chocolate_10_07.wav,240.0
chocolate_10_26.wav,213.33
chocolate_10_36.wav,240.0
chocolate_10_24.wav,205.71
chocolate_10_12.wav,218.18
chocolate_10_17.wav,228.57
chocolate_10_19.wav,189.47
chocolate_10_33.wav,255.0
chocolate_10_29.wav,205.71
chocolate_10_11.wav,220.0
chocolate_10_34.wav,213.33
chocolate_10_27.wav,240.0
chocolate_11_12.wav,156.0
chocolate_12_08.wav,209.98
chocolate_11_06.wav,164.99
chocolate_12_14.wav,222.87
chocolate_12_01.wav,212.3
chocolate_11_09.wav,189.47
chocolate_10_37.wav,240.0
chocolate_13_04.wav,214.73
chocolate_12_13.wav,216.01
chocolate_11_04.wav,200.0
chocolate_12_10.wav,221.53
chocolate_11_03.wav,205.7
chocolate_11_11.wav,192.0
chocolate_12_15.wav,188.55
chocolate_12_06.wav,240.01
chocolate_13_03.wav,210.0
chocolate_11_10.wav,160.0
chocolate_13_01.wav,213.33
chocolate_12_03.wav,205.72
chocolate_11_01.wav,216.0
chocolate_12_02.wav,200.01
chocolate_11_02.wav,180.01
chocolate_12_12.wav,209.98
chocolate_12_09.wav,240.01
chocolate_11_07.wav,194.28
chocolate_13_02.wav,249.99
chocolate_12_04.wav,205.72
chocolate_12_07.wav,195.01
chocolate_11_08.wav,176.85
chocolate_11_05.wav,204.0
chocolate_12_05.wav,239.98
chocolate_12_11.wav,197.67
chocolate_13_08.wav,186.67
chocolate_13_18.wav,214.73
chocolate_13_16.wav,192.0
chocolate_13_13.wav,209.99
chocolate_13_12.wav,195.01
chocolate_13_10.wav,240.0
chocolate_13_17.wav,240.0
chocolate_13_15.wav,229.1
chocolate_13_11.wav,239.99
chocolate_13_14.wav,208.69
chocolate_13_05.wav,214.74
chocolate_13_07.wav,210.0
chocolate_13_09.wav,226.66
chocolate_13_06.wav,205.7
chocolate_13_19.wav,226.66
chocolate_13_20.wav,204.0
chocolate_13_21.wav,216.0
chocolate_3_10.wav,199.99
chocolate_4_05.wav,218.18
chocolate_3_14.wav,190.0
chocolate_4_02.wav,203.08
chocolate_3_18.wav,204.0
chocolate_3_12.wav,239.99
chocolate_3_16.wav,250.43
chocolate_3_13.wav,196.37
chocolate_4_04.wav,225.0
chocolate_3_17.wav,229.08
chocolate_4_01.wav,217.14
chocolate_3_15.wav,221.54
chocolate_4_03.wav,210.0
chocolate_3_11.wav,197.14
chocolate_3_09.wav,207.28
chocolate_4_15.wav,240.0
chocolate_4_24.wav,240.0
chocolate_4_27.wav,240.0
chocolate_4_13.wav,205.71
chocolate_4_10.wav,205.71
chocolate_4_09.wav,226.67
chocolate_4_30.wav,240.0
chocolate_4_14.wav,186.67
chocolate_4_20.wav,222.86
chocolate_4_07.wav,213.33
chocolate_4_29.wav,225.0
chocolate_4_23.wav,216.0
chocolate_4_08.wav,204.0
chocolate_5_01.wav,200.0
chocolate_4_25.wav,222.86
chocolate_4_28.wav,220.0
chocolate_4_12.wav,190.0
chocolate_4_06.wav,195.0
chocolate_4_16.wav,228.57
chocolate_4_18.wav,212.31
chocolate_4_17.wav,226.67
chocolate_4_11.wav,200.0
chocolate_4_19.wav,210.0
chocolate_4_26.wav,204.0
chocolate_4_21.wav,210.0
chocolate_4_22.wav,195.0
chocolate_7_19.wav,240.01
chocolate_7_10.wav,226.67
chocolate_6_05.wav,225.01
chocolate_6_02.wav,239.99
chocolate_7_12.wav,239.99
chocolate_7_07.wav,229.09
chocolate_7_06.wav,222.85
chocolate_7_09.wav,240.01
chocolate_7_20.wav,218.19
chocolate_7_04.wav,205.7
chocolate_7_13.wav,226.67
chocolate_6_03.wav,205.72
chocolate_5_03.wav,225.0
chocolate_7_18.wav,274.27
chocolate_7_08.wav,240.01
chocolate_7_11.wav,195.01
chocolate_7_03.wav,255.01
chocolate_7_17.wav,240.01
chocolate_6_01.wav,240.0
chocolate_7_22.wav,226.67
chocolate_7_15.wav,252.0
chocolate_7_05.wav,199.99
chocolate_5_02.wav,200.0
chocolate_7_01.wav,229.09
chocolate_5_04.wav,216.0
chocolate_5_05.wav,207.27
chocolate_7_14.wav,222.85
chocolate_7_16.wav,216.0
chocolate_6_04.wav,239.99
chocolate_7_02.wav,203.08
chocolate_7_21.wav,257.13
chocolate_8_01.wav,230.01
chocolate_8_16.wav,210.01
chocolate_7_28.wav,226.67
chocolate_7_25.wav,240.01
chocolate_8_04.wav,200.0
chocolate_8_05.wav,195.01
chocolate_7_26.wav,240.01
chocolate_7_29.wav,257.13
chocolate_8_13.wav,225.01
chocolate_8_14.wav,226.65
chocolate_8_03.wav,204.0
chocolate_7_35.wav,226.67
chocolate_8_08.wav,219.99
chocolate_8_12.wav,258.45
chocolate_7_34.wav,173.32
chocolate_7_31.wav,208.0
chocolate_7_27.wav,204.0
chocolate_7_32.wav,225.88
chocolate_8_17.wav,222.85
chocolate_7_24.wav,253.34
chocolate_7_33.wav,240.01
chocolate_8_11.wav,225.01
chocolate_8_06.wav,257.16
chocolate_7_30.wav,240.02
chocolate_8_09.wav,222.87
chocolate_8_10.wav,213.34
chocolate_8_15.wav,222.87
chocolate_8_18.wav,225.01
chocolate_8_02.wav,194.99
chocolate_8_07.wav,219.99
chocolate_7_23.wav,179.99
chocolate_9_05.wav,228.0
chocolate_8_21.wav,213.35
chocolate_9_14.wav,226.67
chocolate_9_17.wav,226.67
chocolate_9_01.wav,221.54
chocolate_9_19.wav,208.7
chocolate_9_10.wav,228.0
chocolate_9_04.wav,192.0
chocolate_8_23.wav,204.0
chocolate_9_18.wav,204.0
chocolate_9_03.wav,220.01
chocolate_9_02.wav,221.53
chocolate_8_24.wav,239.99
chocolate_8_22.wav,240.0
chocolate_9_11.wav,239.99
chocolate_9_07.wav,195.01
chocolate_9_16.wav,213.34
chocolate_9_08.wav,253.32
chocolate_9_12.wav,197.66
chocolate_9_06.wav,194.99
chocolate_9_09.wav,218.19
chocolate_8_26.wav,203.07
chocolate_9_15.wav,179.99
chocolate_9_13.wav,194.28
chocolate_8_19.wav,240.01
chocolate_8_25.wav,222.87
chocolate_8_20.wav,226.67
chocolate_9_30.wav,209.99
chocolate_9_31.wav,218.18
chocolate_9_23.wav,220.01
chocolate_9_41.wav,226.65
chocolate_9_40.wav,180.01
chocolate_9_26.wav,207.27
chocolate_9_33.wav,224.0
chocolate_9_43.wav,204.0
chocolate_9_28.wav,228.0
chocolate_9_37.wav,213.32
chocolate_9_35.wav,218.18
chocolate_9_36.wav,240.0
chocolate_9_22.wav,224.99
chocolate_9_39.wav,254.98
chocolate_9_42.wav,199.99
chocolate_9_20.wav,222.87
chocolate_9_21.wav,228.0
chocolate_9_44.wav,228.0
chocolate_9_29.wav,222.86
chocolate_9_25.wav,212.31
chocolate_9_24.wav,250.92
chocolate_9_38.wav,188.56
chocolate_9_27.wav,199.99
chocolate_9_32.wav,227.38
chocolate_9_34.wav,229.57
noodles_10_07.wav,186.65
noodles_10_05.wav,165.03
noodles_10_01.wav,164.85
noodles_10_08.wav,211.24
noodles_10_03.wav,199.95
noodles_10_06.wav,213.29
noodles_10_09.wav,240.06
noodles_10_02.wav,200.2
noodles_10_04.wav,226.67
noodles_11_20.wav,216.76
noodles_10_10.wav,213.38
noodles_11_19.wav,199.03
noodles_11_12.wav,203.07
noodles_11_14.wav,208.68
noodles_11_18.wav,231.72
noodles_11_10.wav,239.97
noodles_11_27.wav,250.46
noodles_10_13.wav,209.96
noodles_11_21.wav,180.01
noodles_10_14.wav,195.02
noodles_11_09.wav,191.99
noodles_10_18.wav,192.01
noodles_11_01.wav,205.71
noodles_10_11.wav,224.96
noodles_10_16.wav,195.05
noodles_11_24.wav,221.53
noodles_11_26.wav,195.57
noodles_10_17.wav,203.08
noodles_11_13.wav,254.11
noodles_11_11.wav,172.8
noodles_11_04.wav,195.01
noodles_11_06.wav,207.99
noodles_11_07.wav,192.0
noodles_11_05.wav,188.58
noodles_11_17.wav,218.21
noodles_11_16.wav,220.01
noodles_11_25.wav,205.69
noodles_11_22.wav,195.57
noodles_11_08.wav,200.01
noodles_11_02.wav,202.08
noodles_11_03.wav,225.01
noodles_10_15.wav,203.41
noodles_11_23.wav,210.01
noodles_10_12.wav,210.47
noodles_11_15.wav,213.32
noodles_11_39.wav,216.76
noodles_11_57.wav,169.41
noodles_11_56.wav,205.71
noodles_11_32.wav,208.71
noodles_11_40.wav,222.87
noodles_11_37.wav,232.24
noodles_11_43.wav,196.39
noodles_11_54.wav,178.3
noodles_11_44.wav,198.62
noodles_11_41.wav,192.0
noodles_11_64.wav,205.73
noodles_11_36.wav,196.35
noodles_11_48.wav,191.99
noodles_11_58.wav,205.69
noodles_11_42.wav,229.54
noodles_11_62.wav,201.3
noodles_11_59.wav,211.76
noodles_11_50.wav,194.6
noodles_11_38.wav,211.2
noodles_11_55.wav,201.28
noodles_11_60.wav,194.6
noodles_11_31.wav,248.87
noodles_11_45.wav,213.32
noodles_11_49.wav,205.73
noodles_11_29.wav,203.07
noodles_11_61.wav,216.76
noodles_11_47.wav,240.03
noodles_11_53.wav,207.99
noodles_11_35.wav,196.39
noodles_11_46.wav,192.0
noodles_11_33.wav,169.41
noodles_11_34.wav,250.41
noodles_11_51.wav,174.54
noodles_11_52.wav,211.79
noodles_11_30.wav,187.84
noodles_11_28.wav,239.99
noodles_11_63.wav,200.01
noodles_12_03.wav,215.96
noodles_12_01.wav,230.4
noodles_13_12.wav,160.02
noodles_12_06.wav,222.87
noodles_12_08.wav,218.17
noodles_13_22.wav,210.01
noodles_13_09.wav,197.68
noodles_13_23.wav,240.02
noodles_13_17.wav,205.7
noodles_13_15.wav,250.4
noodles_13_04.wav,196.37
noodles_11_66.wav,205.72
noodles_12_07.wav,222.83
noodles_13_18.wav,171.44
noodles_12_12.wav,219.97
noodles_13_10.wav,250.44
noodles_13_16.wav,258.47
noodles_13_07.wav,213.33
noodles_12_04.wav,205.72
noodles_13_14.wav,239.99
noodles_12_09.wav,239.99
noodles_13_20.wav,160.02
noodles_13_08.wav,159.98
noodles_12_05.wav,233.13
noodles_12_10.wav,213.35
noodles_13_21.wav,182.05
noodles_12_11.wav,186.65
noodles_13_06.wav,187.83
noodles_13_02.wav,174.55
noodles_13_05.wav,141.17
noodles_13_13.wav,248.26
noodles_13_01.wav,196.37
noodles_13_19.wav,251.42
noodles_13_11.wav,199.99
noodles_12_02.wav,230.4
noodles_11_65.wav,205.72
noodles_13_03.wav,208.7
noodles_13_24.wav,203.08
noodles_11_67.wav,195.54
noodles_3_24.wav,208.67
noodles_3_35.wav,192.0
noodles_3_28.wav,208.7
noodles_3_30.wav,223.24
noodles_3_33.wav,189.47
noodles_3_29.wav,205.7
noodles_3_34.wav,217.15
noodles_3_32.wav,184.62
noodles_3_23.wav,229.09
noodles_3_37.wav,246.87
noodles_3_25.wav,201.31
noodles_3_36.wav,226.65
noodles_3_26.wav,224.99
noodles_3_31.wav,205.7
noodles_3_27.wav,198.6
noodles_4_16.wav,240.01
noodles_4_08.wav,219.42
noodles_5_04.wav,210.01
noodles_4_02.wav,215.18
noodles_5_08.wav,225.01
noodles_5_02.wav,186.68
noodles_4_10.wav,222.45
noodles_4_21.wav,219.44
noodles_5_03.wav,202.1
noodles_4_18.wav,211.21
noodles_4_12.wav,231.73
noodles_5_07.wav,209.99
noodles_4_01.wav,205.7
noodles_4_07.wav,200.0
noodles_4_09.wav,200.0
noodles_4_26.wav,176.0
noodles_4_15.wav,240.02
noodles_4_24.wav,210.01
noodles_5_05.wav,221.53
noodles_4_04.wav,196.93
noodles_4_05.wav,221.53
noodles_4_11.wav,216.0
noodles_5_01.wav,233.83
noodles_4_20.wav,179.99
noodles_4_19.wav,165.52
noodles_4_03.wav,194.99
noodles_4_23.wav,239.99
noodles_4_06.wav,178.29
noodles_4_17.wav,227.38
noodles_4_25.wav,185.8
noodles_4_14.wav,210.01
noodles_4_22.wav,211.76
noodles_5_06.wav,245.1
noodles_4_13.wav,239.99
noodles_5_28.wav,207.57
noodles_5_15.wav,240.0
noodles_5_10.wav,209.99
noodles_5_29.wav,224.0
noodles_6_09.wav,192.0
noodles_5_13.wav,199.98
noodles_6_05.wav,203.06
noodles_5_24.wav,218.17
noodles_5_23.wav,239.99
noodles_6_03.wav,174.55
noodles_5_22.wav,186.67
noodles_6_02.wav,211.19
noodles_5_09.wav,173.34
noodles_5_25.wav,192.0
noodles_5_20.wav,258.47
noodles_6_01.wav,208.0
noodles_5_16.wav,192.0
noodles_6_10.wav,209.99
noodles_5_17.wav,203.64
noodles_6_06.wav,218.18
noodles_5_11.wav,213.34
noodles_5_27.wav,228.58
noodles_5_21.wav,232.25
noodles_5_18.wav,202.1
noodles_6_04.wav,177.78
noodles_6_07.wav,228.56
noodles_5_12.wav,240.0
noodles_6_08.wav,204.0
noodles_5_19.wav,233.51
noodles_5_26.wav,208.0
noodles_5_14.wav,184.62
noodles_5_30.wav,203.63
noodles_6_32.wav,239.99
noodles_6_12.wav,196.93
noodles_6_13.wav,227.36
noodles_6_35.wav,240.01
noodles_6_25.wav,165.5
noodles_6_20.wav,176.0
noodles_6_29.wav,258.47
noodles_6_38.wav,205.72
noodles_6_17.wav,208.7
noodles_6_18.wav,219.44
noodles_6_23.wav,218.18
noodles_6_22.wav,197.64
noodles_6_14.wav,196.93
noodles_6_36.wav,224.99
noodles_6_37.wav,186.67
noodles_6_15.wav,199.02
noodles_6_28.wav,233.51
noodles_6_11.wav,216.0
noodles_6_16.wav,174.54
noodles_6_30.wav,214.73
noodles_6_34.wav,185.45
noodles_6_27.wav,212.09
noodles_6_24.wav,160.0
noodles_6_33.wav,209.24
noodles_6_21.wav,196.93
noodles_6_26.wav,184.62
noodles_6_31.wav,233.15
noodles_6_19.wav,205.7
noodles_7_05.wav,184.62
noodles_7_19.wav,224.0
noodles_6_43.wav,208.0
noodles_6_45.wav,215.18
noodles_7_08.wav,208.0
noodles_6_42.wav,221.52
noodles_7_12.wav,208.0
noodles_7_03.wav,224.0
noodles_7_10.wav,219.44
noodles_7_21.wav,209.99
noodles_6_46.wav,219.42
noodles_7_16.wav,231.7
noodles_6_39.wav,209.22
noodles_7_15.wav,213.34
noodles_7_09.wav,219.42
noodles_7_11.wav,221.54
noodles_7_04.wav,239.99
noodles_6_44.wav,213.32
noodles_7_07.wav,188.58
noodles_7_20.wav,186.67
noodles_7_18.wav,194.59
noodles_7_22.wav,203.64
noodles_6_40.wav,207.57
noodles_7_14.wav,199.02
noodles_7_06.wav,224.0
noodles_6_48.wav,160.0
noodles_6_49.wav,202.1
noodles_6_47.wav,155.29
noodles_7_17.wav,220.56
noodles_6_41.wav,240.0
noodles_7_01.wav,205.7
noodles_7_02.wav,199.99
noodles_7_13.wav,224.0
noodles_7_41.wav,233.51
noodles_7_28.wav,240.0
noodles_7_38.wav,232.73
noodles_7_43.wav,220.54
noodles_7_24.wav,221.54
noodles_8_10.wav,205.7
noodles_8_01.wav,216.77
noodles_7_23.wav,210.73
noodles_7_29.wav,218.18
noodles_7_42.wav,214.73
noodles_8_03.wav,197.64
noodles_7_30.wav,226.67
noodles_7_37.wav,216.0
noodles_8_09.wav,218.18
noodles_7_39.wav,189.09
noodles_7_44.wav,219.44
noodles_8_08.wav,188.58
noodles_8_06.wav,221.54
noodles_7_26.wav,213.33
noodles_8_04.wav,240.0
noodles_7_32.wav,222.85
noodles_7_40.wav,221.54
noodles_8_02.wav,201.28
noodles_8_05.wav,205.7
noodles_7_31.wav,205.7
noodles_7_27.wav,189.47
noodles_7_36.wav,239.99
noodles_8_07.wav,227.38
noodles_7_33.wav,205.73
noodles_7_35.wav,213.34
noodles_7_34.wav,204.0
noodles_7_25.wav,225.88
noodles_9_18.wav,192.0
noodles_9_04.wav,222.86
noodles_8_11.wav,205.73
noodles_9_02.wav,203.09
noodles_9_22.wav,221.53
noodles_8_12.wav,205.7
noodles_8_16.wav,225.88
noodles_8_22.wav,244.7
noodles_9_19.wav,202.11
noodles_9_14.wav,189.1
noodles_8_14.wav,209.22
noodles_9_09.wav,182.05
noodles_9_12.wav,218.19
noodles_9_21.wav,219.13
noodles_8_20.wav,192.01
noodles_9_11.wav,239.99
noodles_9_07.wav,248.87
noodles_8_18.wav,176.0
noodles_9_24.wav,213.33
noodles_9_03.wav,248.88
noodles_8_13.wav,216.77
noodles_8_17.wav,246.87
noodles_9_10.wav,176.85
noodles_9_25.wav,232.25
noodles_9_13.wav,221.53
noodles_9_01.wav,215.15
noodles_9_15.wav,179.99
noodles_9_05.wav,221.53
noodles_9_17.wav,197.64
noodles_8_19.wav,239.99
noodles_8_21.wav,222.45
noodles_8_15.wav,211.21
noodles_9_06.wav,216.78
noodles_9_20.wav,191.99
noodles_9_08.wav,216.79
noodles_9_23.wav,213.33
noodles_9_16.wav,166.16
noodles_9_33.wav,195.55
noodles_9_26.wav,231.73
noodles_9_29.wav,199.99
noodles_9_52.wav,231.12
noodles_9_43.wav,224.0
noodles_9_50.wav,213.33
noodles_9_45.wav,210.0
noodles_9_46.wav,231.12
noodles_9_37.wav,240.0
noodles_9_40.wav,203.64
noodles_9_35.wav,200.94
noodles_9_36.wav,240.0
noodles_9_27.wav,254.11
noodles_9_31.wav,208.0
noodles_9_54.wav,207.56
noodles_9_47.wav,231.11
noodles_9_30.wav,216.78
noodles_9_48.wav,194.99
noodles_9_53.wav,222.85
noodles_9_51.wav,189.47
noodles_9_34.wav,209.99
noodles_9_28.wav,222.86
noodles_9_44.wav,201.28
noodles_9_38.wav,240.0
noodles_9_32.wav,225.88
noodles_9_39.wav,231.09
noodles_9_42.wav,254.11
noodles_9_41.wav,221.54
noodles_9_49.wav,218.18
cabbage_10_08.wav,194.04
cabbage_10_12.wav,204.0
cabbage_10_18.wav,225.0
cabbage_10_19.wav,229.57
cabbage_10_13.wav,240.0
cabbage_10_14.wav,226.29
cabbage_10_02.wav,240.0
cabbage_10_17.wav,213.33
cabbage_10_16.wav,169.41
cabbage_10_03.wav,240.0
cabbage_10_01.wav,198.62
cabbage_10_15.wav,261.82
cabbage_10_11.wav,221.54
cabbage_10_07.wav,240.0
cabbage_10_10.wav,226.67
cabbage_10_04.wav,240.0
cabbage_10_06.wav,228.0
cabbage_10_05.wav,240.0
cabbage_10_09.wav,232.73
cabbage_10_36.wav,240.0
cabbage_10_24.wav,229.09
cabbage_10_40.wav,188.57
cabbage_10_25.wav,248.89
cabbage_10_32.wav,225.45
cabbage_10_29.wav,240.0
cabbage_10_35.wav,221.54
cabbage_10_27.wav,229.09
cabbage_10_23.wav,204.0
cabbage_11_03.wav,240.01
cabbage_10_20.wav,227.37
cabbage_10_39.wav,249.6
cabbage_10_33.wav,218.18
cabbage_10_37.wav,240.0
cabbage_10_38.wav,230.77
cabbage_11_02.wav,186.67
cabbage_10_31.wav,217.36
cabbage_10_22.wav,225.0
cabbage_11_01.wav,199.99
cabbage_10_26.wav,220.0
cabbage_10_21.wav,240.0
cabbage_10_34.wav,248.89
cabbage_10_28.wav,220.0
cabbage_10_30.wav,240.0
cabbage_11_27.wav,256.74
cabbage_11_26.wav,233.52
cabbage_11_11.wav,225.01
cabbage_11_12.wav,204.44
cabbage_11_09.wav,226.67
cabbage_11_13.wav,249.99
cabbage_11_15.wav,202.51
cabbage_11_19.wav,223.99
cabbage_11_04.wav,147.69
cabbage_11_10.wav,210.01
cabbage_11_24.wav,266.68
cabbage_11_25.wav,231.42
cabbage_11_17.wav,226.4
cabbage_11_14.wav,207.28
cabbage_11_20.wav,207.26
cabbage_11_16.wav,207.07
cabbage_11_08.wav,235.93
cabbage_11_05.wav,228.01
cabbage_11_23.wav,213.32
cabbage_11_07.wav,210.01
cabbage_11_21.wav,252.63
cabbage_11_22.wav,211.79
cabbage_11_18.wav,240.01
cabbage_11_06.wav,218.17
cabbage_11_46.wav,203.07
cabbage_11_42.wav,210.01
cabbage_11_28.wav,187.83
cabbage_11_33.wav,229.1
cabbage_11_44.wav,253.31
cabbage_11_43.wav,205.72
cabbage_11_30.wav,243.81
cabbage_11_49.wav,239.99
cabbage_11_32.wav,191.99
cabbage_11_36.wav,248.89
cabbage_11_34.wav,211.77
cabbage_11_40.wav,249.24
cabbage_11_47.wav,252.01
cabbage_11_38.wav,196.91
cabbage_11_41.wav,205.71
cabbage_11_48.wav,240.01
cabbage_11_45.wav,250.01
cabbage_11_37.wav,210.01
cabbage_11_39.wav,203.07
cabbage_11_29.wav,220.01
cabbage_11_35.wav,202.1
cabbage_11_31.wav,225.01
cabbage_11_50.wav,224.99
cabbage_11_60.wav,250.43
cabbage_12_06.wav,203.08
cabbage_11_61.wav,225.88
cabbage_12_05.wav,197.14
cabbage_12_02.wav,217.14
cabbage_11_56.wav,231.11
cabbage_11_55.wav,268.23
cabbage_12_07.wav,220.0
cabbage_11_62.wav,240.01
cabbage_11_63.wav,220.8
cabbage_11_54.wav,188.57
cabbage_12_08.wav,200.0
cabbage_12_04.wav,235.1
cabbage_11_57.wav,180.01
cabbage_12_09.wav,213.33
cabbage_11_51.wav,240.01
cabbage_11_59.wav,214.46
cabbage_12_03.wav,234.67
cabbage_11_53.wav,228.01
cabbage_11_58.wav,239.99
cabbage_11_52.wav,195.0
cabbage_11_64.wav,230.4
cabbage_12_01.wav,192.0
cabbage_12_21.wav,252.0
cabbage_12_33.wav,217.14
cabbage_12_10.wav,221.54
cabbage_12_31.wav,240.0
cabbage_12_26.wav,207.06
cabbage_12_29.wav,240.0
cabbage_12_15.wav,208.0
cabbage_12_11.wav,171.43
cabbage_12_22.wav,210.0
cabbage_12_19.wav,240.0
cabbage_12_12.wav,197.65
cabbage_12_30.wav,240.0
cabbage_12_24.wav,264.83
cabbage_12_39.wav,198.86
cabbage_12_35.wav,188.57
cabbage_12_38.wav,211.76
cabbage_12_27.wav,213.33
cabbage_12_28.wav,231.72
cabbage_12_17.wav,205.71
cabbage_12_14.wav,165.0
cabbage_12_23.wav,225.88
cabbage_12_20.wav,218.18
cabbage_12_13.wav,186.67
cabbage_12_18.wav,215.51
cabbage_12_32.wav,220.0
cabbage_12_25.wav,226.67
cabbage_12_36.wav,192.0
cabbage_12_16.wav,228.0
cabbage_12_37.wav,222.86
cabbage_12_34.wav,247.06
cabbage_12_50.wav,228.0
cabbage_12_42.wav,214.74
cabbage_12_52.wav,211.76
cabbage_12_43.wav,231.11
cabbage_12_44.wav,173.33
cabbage_12_46.wav,220.8
cabbage_12_61.wav,200.0
cabbage_12_63.wav,240.0
cabbage_12_49.wav,201.6
cabbage_12_54.wav,235.64
cabbage_12_55.wav,245.58
cabbage_12_48.wav,220.8
cabbage_12_56.wav,218.18
cabbage_12_62.wav,230.77
cabbage_12_40.wav,240.0
cabbage_12_60.wav,240.0
cabbage_12_51.wav,240.0
cabbage_12_57.wav,225.0
cabbage_12_41.wav,240.0
cabbage_12_59.wav,240.0
cabbage_12_45.wav,192.0
cabbage_12_58.wav,240.0
cabbage_12_47.wav,205.71
cabbage_12_53.wav,226.67
cabbage_3_26.wav,203.08
cabbage_3_13.wav,245.71
cabbage_3_12.wav,214.29
cabbage_3_16.wav,240.0
cabbage_3_11.wav,185.45
cabbage_3_14.wav,200.0
cabbage_3_17.wav,240.0
cabbage_3_18.wav,247.5
cabbage_3_20.wav,200.0
cabbage_3_21.wav,221.54
cabbage_3_15.wav,240.0
cabbage_3_25.wav,240.0
cabbage_3_09.wav,253.33
cabbage_3_23.wav,230.0
cabbage_3_08.wav,200.0
cabbage_3_22.wav,228.0
cabbage_3_10.wav,221.54
cabbage_3_24.wav,218.82
cabbage_3_19.wav,226.67
cabbage_3_39.wav,197.14
cabbage_3_34.wav,218.18
cabbage_3_47.wav,192.0
cabbage_3_37.wav,212.31
cabbage_3_43.wav,213.33
cabbage_3_42.wav,210.0
cabbage_3_29.wav,247.06
cabbage_3_28.wav,231.43
cabbage_3_36.wav,218.18
cabbage_3_35.wav,220.0
cabbage_3_46.wav,225.0
cabbage_3_38.wav,216.0
cabbage_3_41.wav,226.67
cabbage_3_45.wav,240.0
cabbage_3_31.wav,204.0
cabbage_3_32.wav,197.14
cabbage_3_33.wav,230.77
cabbage_3_40.wav,221.54
cabbage_3_30.wav,240.0
cabbage_3_44.wav,240.0
cabbage_3_27.wav,206.67
cabbage_3_53.wav,230.77
cabbage_4_04.wav,216.0
cabbage_4_06.wav,211.76
cabbage_4_09.wav,200.0
cabbage_3_50.wav,232.0
cabbage_3_51.wav,224.0
cabbage_4_08.wav,210.0
cabbage_3_49.wav,214.29
cabbage_3_48.wav,240.0
cabbage_4_07.wav,202.5
cabbage_4_02.wav,200.0
cabbage_4_05.wav,212.31
cabbage_3_54.wav,214.29
cabbage_4_01.wav,202.11
cabbage_3_55.wav,230.0
cabbage_4_03.wav,214.29
cabbage_3_52.wav,218.82
cabbage_4_22.wav,216.0
cabbage_4_14.wav,220.0
cabbage_4_17.wav,192.0
cabbage_4_24.wav,200.0
cabbage_4_16.wav,216.0
cabbage_4_10.wav,231.43
cabbage_4_11.wav,200.0
cabbage_4_20.wav,214.29
cabbage_4_15.wav,202.11
cabbage_4_23.wav,193.33
cabbage_4_21.wav,222.86
cabbage_4_12.wav,204.0
cabbage_4_19.wav,226.67
cabbage_4_13.wav,226.67
cabbage_4_18.wav,207.27
cabbage_4_25.wav,217.5
cabbage_4_44.wav,210.0
cabbage_4_43.wav,197.14
cabbage_4_37.wav,226.67
cabbage_4_41.wav,216.0
cabbage_4_30.wav,224.0
cabbage_4_31.wav,220.0
cabbage_4_38.wav,216.0
cabbage_4_28.wav,232.5
cabbage_4_29.wav,232.0
cabbage_4_42.wav,212.31
cabbage_4_40.wav,190.0
cabbage_4_27.wav,226.67
cabbage_4_36.wav,218.18
cabbage_4_35.wav,202.5
cabbage_4_34.wav,217.5
cabbage_4_33.wav,231.43
cabbage_4_32.wav,214.29
cabbage_4_26.wav,217.5
cabbage_4_39.wav,174.55
cabbage_4_64.wav,230.0
cabbage_4_62.wav,229.09
cabbage_4_63.wav,214.29
cabbage_4_52.wav,218.18
cabbage_4_48.wav,240.0
cabbage_4_46.wav,195.0
cabbage_4_49.wav,218.18
cabbage_4_56.wav,214.29
cabbage_4_50.wav,218.82
cabbage_4_54.wav,208.0
cabbage_4_58.wav,216.0
cabbage_4_51.wav,224.0
cabbage_4_45.wav,230.77
cabbage_4_60.wav,190.0
cabbage_4_61.wav,225.0
cabbage_4_59.wav,196.36
cabbage_4_53.wav,220.0
cabbage_4_57.wav,221.05
cabbage_4_47.wav,224.0
cabbage_4_55.wav,232.0
cabbage_4_67.wav,230.77
cabbage_4_69.wav,240.0
cabbage_4_65.wav,221.54
cabbage_4_72.wav,218.18
cabbage_5_04.wav,197.14
cabbage_4_66.wav,210.0
cabbage_4_68.wav,218.18
cabbage_4_71.wav,197.14
cabbage_4_77.wav,218.18
cabbage_4_75.wav,210.0
cabbage_4_70.wav,221.54
cabbage_4_76.wav,213.33
cabbage_4_73.wav,222.86
cabbage_5_02.wav,221.53
cabbage_4_74.wav,200.0
cabbage_4_78.wav,210.0
cabbage_4_80.wav,220.0
cabbage_4_81.wav,240.0
cabbage_5_05.wav,225.0
cabbage_4_79.wav,200.0
cabbage_5_01.wav,179.99
cabbage_5_03.wav,229.99
cabbage_5_15.wav,201.82
cabbage_5_14.wav,213.34
cabbage_5_10.wav,225.01
cabbage_5_20.wav,217.5
cabbage_5_09.wav,222.86
cabbage_5_17.wav,228.0
cabbage_5_16.wav,204.0
cabbage_5_13.wav,208.42
cabbage_5_19.wav,221.54
cabbage_5_08.wav,214.29
cabbage_5_06.wav,217.5
cabbage_5_07.wav,219.99
cabbage_5_12.wav,215.0
cabbage_5_21.wav,221.05
cabbage_5_11.wav,214.29
cabbage_5_18.wav,229.99
cabbage_5_37.wav,239.99
cabbage_5_27.wav,189.99
cabbage_5_38.wav,213.34
cabbage_5_29.wav,214.29
cabbage_5_25.wav,199.99
cabbage_5_23.wav,199.99
cabbage_5_32.wav,217.51
cabbage_5_35.wav,240.0
cabbage_5_31.wav,202.11
cabbage_5_33.wav,210.0
cabbage_5_30.wav,208.0
cabbage_5_22.wav,228.0
cabbage_5_36.wav,211.2
cabbage_5_24.wav,216.0
cabbage_5_34.wav,205.72
cabbage_5_28.wav,230.01
cabbage_5_26.wav,212.31
cabbage_5_42.wav,214.29
cabbage_6_02.wav,218.18
cabbage_6_09.wav,211.2
cabbage_6_13.wav,221.53
cabbage_6_12.wav,219.13
cabbage_6_17.wav,196.37
cabbage_5_40.wav,217.5
cabbage_6_04.wav,225.01
cabbage_6_07.wav,220.8
cabbage_6_06.wav,216.0
cabbage_6_05.wav,209.99
cabbage_5_41.wav,216.0
cabbage_6_15.wav,225.0
cabbage_6_01.wav,240.0
cabbage_6_08.wav,213.34
cabbage_5_39.wav,212.73
cabbage_6_10.wav,216.0
cabbage_6_16.wav,216.0
cabbage_6_14.wav,228.58
cabbage_6_11.wav,205.72
cabbage_6_03.wav,228.0
cabbage_6_36.wav,202.11
cabbage_6_34.wav,240.0
cabbage_6_33.wav,221.53
cabbage_6_19.wav,202.5
cabbage_6_29.wav,204.71
cabbage_6_37.wav,214.29
cabbage_6_18.wav,210.0
cabbage_6_27.wav,232.94
cabbage_6_24.wav,223.55
cabbage_6_32.wav,210.01
cabbage_6_31.wav,228.0
cabbage_6_20.wav,213.33
cabbage_6_30.wav,181.64
cabbage_6_28.wav,231.43
cabbage_6_22.wav,209.04
cabbage_6_23.wav,205.72
cabbage_6_38.wav,209.03
cabbage_6_35.wav,218.18
cabbage_6_25.wav,196.93
cabbage_6_26.wav,208.7
cabbage_6_21.wav,227.7
cabbage_7_10.wav,197.14
cabbage_7_03.wav,201.29
cabbage_7_09.wav,240.01
cabbage_7_04.wav,205.72
cabbage_6_41.wav,233.69
cabbage_6_40.wav,221.05
cabbage_6_43.wav,239.99
cabbage_6_45.wav,203.08
cabbage_6_42.wav,205.7
cabbage_7_05.wav,207.28
cabbage_6_39.wav,225.0
cabbage_6_44.wav,207.27
cabbage_7_06.wav,176.0
cabbage_6_48.wav,227.37
cabbage_6_46.wav,214.29
cabbage_7_07.wav,216.0
cabbage_7_12.wav,228.0
cabbage_6_47.wav,195.01
cabbage_7_08.wav,213.34
cabbage_7_01.wav,182.4
cabbage_7_02.wav,239.99
cabbage_7_11.wav,193.85
cabbage_7_14.wav,222.43
cabbage_7_27.wav,172.8
cabbage_7_19.wav,203.64
cabbage_7_18.wav,235.29
cabbage_7_25.wav,240.0
cabbage_7_33.wav,239.99
cabbage_7_29.wav,221.54
cabbage_7_16.wav,171.43
cabbage_7_23.wav,213.34
cabbage_7_31.wav,187.83
cabbage_7_20.wav,240.0
cabbage_7_28.wav,203.07
cabbage_7_15.wav,216.0
cabbage_7_21.wav,264.0
cabbage_7_22.wav,213.34
cabbage_7_35.wav,220.0
cabbage_7_13.wav,210.01
cabbage_7_24.wav,221.54
cabbage_7_30.wav,214.29
cabbage_7_17.wav,240.0
cabbage_7_34.wav,215.17
cabbage_7_36.wav,192.0
cabbage_7_26.wav,192.0
cabbage_7_32.wav,219.99
cabbage_7_43.wav,218.18
cabbage_9_09.wav,150.0
cabbage_7_46.wav,204.0
cabbage_7_44.wav,208.0
cabbage_9_06.wav,220.0
cabbage_7_48.wav,251.44
cabbage_7_41.wav,200.0
cabbage_9_03.wav,218.18
cabbage_7_42.wav,240.01
cabbage_7_45.wav,194.28
cabbage_7_49.wav,225.88
cabbage_7_52.wav,210.01
cabbage_9_04.wav,225.88
cabbage_9_02.wav,240.0
cabbage_9_07.wav,203.08
cabbage_7_47.wav,224.0
cabbage_7_37.wav,240.0
cabbage_9_08.wav,192.0
cabbage_7_50.wav,221.54
cabbage_9_10.wav,240.0
cabbage_7_39.wav,213.34
cabbage_9_11.wav,213.33
cabbage_7_38.wav,229.57
cabbage_9_05.wav,240.0
cabbage_7_51.wav,240.0
cabbage_9_01.wav,240.0
cabbage_7_40.wav,204.0
carrots_10_13.wav,228.0
carrots_10_02.wav,196.91
carrots_10_14.wav,229.57
carrots_10_11.wav,229.57
carrots_10_05.wav,186.67
carrots_10_17.wav,228.0
carrots_10_10.wav,195.01
carrots_10_01.wav,228.57
carrots_10_18.wav,222.87
carrots_10_06.wav,225.01
carrots_10_19.wav,229.57
carrots_10_16.wav,214.73
carrots_10_03.wav,240.0
carrots_10_07.wav,197.66
carrots_10_12.wav,240.0
carrots_10_08.wav,223.44
carrots_10_04.wav,213.34
carrots_10_15.wav,240.0
carrots_10_09.wav,168.0
carrots_10_32.wav,229.09
carrots_10_30.wav,229.09
carrots_10_21.wav,213.34
carrots_10_42.wav,239.99
carrots_10_28.wav,204.0
carrots_10_23.wav,222.87
carrots_10_47.wav,219.13
carrots_10_38.wav,240.0
carrots_10_27.wav,227.36
carrots_10_33.wav,218.18
carrots_10_41.wav,245.58
carrots_10_34.wav,225.88
carrots_10_44.wav,225.9
carrots_10_35.wav,202.1
carrots_10_45.wav,209.99
carrots_10_25.wav,229.57
carrots_10_39.wav,204.0
carrots_10_20.wav,213.34
carrots_10_24.wav,234.42
carrots_10_36.wav,218.18
carrots_10_37.wav,216.0
carrots_10_43.wav,228.0
carrots_10_29.wav,240.01
carrots_10_31.wav,224.0
carrots_10_26.wav,240.0
carrots_10_40.wav,219.42
carrots_10_22.wav,222.85
carrots_10_46.wav,264.0
carrots_11_03.wav,228.58
carrots_11_07.wav,204.0
carrots_10_48.wav,240.0
carrots_11_05.wav,207.27
carrots_11_02.wav,216.0
carrots_11_20.wav,185.45
carrots_11_22.wav,228.0
carrots_11_04.wav,213.32
carrots_10_49.wav,246.48
carrots_11_12.wav,210.01
carrots_11_18.wav,228.0
carrots_11_09.wav,197.64
carrots_11_11.wav,218.18
carrots_11_21.wav,210.01
carrots_11_15.wav,239.99
carrots_11_13.wav,214.75
carrots_11_10.wav,229.99
carrots_11_14.wav,207.27
carrots_11_06.wav,240.0
carrots_11_08.wav,240.0
carrots_11_16.wav,216.0
carrots_11_01.wav,226.65
carrots_11_19.wav,224.01
carrots_10_50.wav,228.0
carrots_11_17.wav,225.88
carrots_11_44.wav,208.7
carrots_11_33.wav,224.99
carrots_11_39.wav,195.01
carrots_11_30.wav,263.22
carrots_12_07.wav,224.0
carrots_12_01.wav,240.02
carrots_11_31.wav,233.13
carrots_11_35.wav,187.31
carrots_11_32.wav,205.73
carrots_11_41.wav,179.99
carrots_12_02.wav,222.85
carrots_11_24.wav,192.0
carrots_11_25.wav,205.73
carrots_11_28.wav,180.01
carrots_12_04.wav,240.0
carrots_11_23.wav,225.01
carrots_12_05.wav,225.01
carrots_11_37.wav,227.36
carrots_11_36.wav,218.16
carrots_11_42.wav,196.36
carrots_12_03.wav,240.01
carrots_11_38.wav,208.0
carrots_11_34.wav,224.0
carrots_11_43.wav,210.74
carrots_11_27.wav,205.7
carrots_11_29.wav,208.0
carrots_12_06.wav,203.08
carrots_11_26.wav,228.0
carrots_11_40.wav,213.34
carrots_12_19.wav,224.0
carrots_12_10.wav,208.0
carrots_12_34.wav,218.16
carrots_12_39.wav,171.44
carrots_12_33.wav,240.01
carrots_12_18.wav,230.38
carrots_12_23.wav,194.99
carrots_12_12.wav,216.77
carrots_12_09.wav,220.02
carrots_12_25.wav,257.16
carrots_12_24.wav,224.99
carrots_12_13.wav,239.99
carrots_12_30.wav,222.87
carrots_12_35.wav,229.57
carrots_12_37.wav,239.99
carrots_12_31.wav,240.02
carrots_12_41.wav,215.15
carrots_12_29.wav,219.99
carrots_12_15.wav,240.0
carrots_12_16.wav,213.34
carrots_12_32.wav,240.01
carrots_12_17.wav,227.36
carrots_12_36.wav,240.01
carrots_12_20.wav,222.85
carrots_12_08.wav,192.0
carrots_12_26.wav,239.99
carrots_12_14.wav,247.28
carrots_12_28.wav,229.57
carrots_12_27.wav,240.0
carrots_12_40.wav,229.1
carrots_12_38.wav,231.71
carrots_12_22.wav,256.0
carrots_12_21.wav,180.0
carrots_12_11.wav,258.44
carrots_12_43.wav,276.93
carrots_12_44.wav,182.07
carrots_12_42.wav,224.0
carrots_1_60.wav,213.33
carrots_1_56.wav,215.17
carrots_1_62.wav,211.76
carrots_2_03.wav,251.09
carrots_2_04.wav,239.95
carrots_2_02.wav,199.98
carrots_2_08.wav,180.01
carrots_1_52.wav,221.65
carrots_1_57.wav,222.8
carrots_1_59.wav,230.4
carrots_2_05.wav,196.75
carrots_2_01.wav,220.32
carrots_2_07.wav,231.06
carrots_1_53.wav,211.76
carrots_1_61.wav,213.32
carrots_1_58.wav,220.0
carrots_1_54.wav,221.74
carrots_1_55.wav,218.18
carrots_1_51.wav,211.2
carrots_2_06.wav,200.01
carrots_2_16.wav,200.02
carrots_2_18.wav,239.42
carrots_2_09.wav,199.97
carrots_2_14.wav,196.94
carrots_2_23.wav,205.7
carrots_2_17.wav,214.72
carrots_2_32.wav,224.08
carrots_2_10.wav,231.28
carrots_2_38.wav,240.04
carrots_2_30.wav,218.32
carrots_2_29.wav,223.04
carrots_2_31.wav,199.91
carrots_2_39.wav,207.8
carrots_2_26.wav,202.09
carrots_2_33.wav,195.35
carrots_2_36.wav,231.2
carrots_2_15.wav,227.36
carrots_2_34.wav,206.2
carrots_2_27.wav,254.11
carrots_2_21.wav,240.03
carrots_2_25.wav,224.27
carrots_2_28.wav,207.24
carrots_2_19.wav,197.62
carrots_2_24.wav,188.56
carrots_2_35.wav,198.95
carrots_2_20.wav,216.03
carrots_2_12.wav,211.19
carrots_3_01.wav,185.19
carrots_2_11.wav,218.16
carrots_2_22.wav,184.64
carrots_2_41.wav,227.56
carrots_2_13.wav,171.4
carrots_2_40.wav,199.98
carrots_2_37.wav,203.03
carrots_3_21.wav,195.88
carrots_3_13.wav,226.24
carrots_3_27.wav,211.77
carrots_3_15.wav,223.12
carrots_3_17.wav,223.21
carrots_3_22.wav,202.46
carrots_3_26.wav,197.64
carrots_3_12.wav,197.85
carrots_3_28.wav,263.78
carrots_3_10.wav,225.09
carrots_3_04.wav,230.09
carrots_3_07.wav,210.95
carrots_3_14.wav,184.05
carrots_3_18.wav,219.83
carrots_3_03.wav,238.8
carrots_3_31.wav,244.89
carrots_3_23.wav,223.0
carrots_3_02.wav,240.61
carrots_3_05.wav,195.98
